02108,02109,02110,02111,02112,02113,02114,02115,02116,02118,02127,02128,02133,02199,02201,02210,02215,_id
"",,,,,,,,,,,,,,,,5887566578,58e427b06add4d1a2419ba61
"",,,,,,,,,6919663878,,,,,,,,58e427b06add4d1a2419ba62
4150654775,,,,,,,,,,,,,,,,,58e427b06add4d1a2419ba63
"",,,,,,,,,,,,120399400,,,,,58e427b06add4d1a2419ba64
"",,,,,,,,,,6800828779,,,,,,,58e427b06add4d1a2419ba65
"",,,,,1366666418,,,,,,,,,,,,58e427b06add4d1a2419ba66
"",,,,,,,,,,,,,,8808000,,,58e427b06add4d1a2419ba67
"",,7445575161,,,,,,,,,,,,,,,58e427b06add4d1a2419ba68
"",,,,,,,,,,,,,,,4436667044,,58e427b06add4d1a2419ba69
"",,,,,,,,,,,3965621172,,,,,,58e427b06add4d1a2419ba6a
"",,,,,,,,17290641947,,,,,,,,,58e427b06add4d1a2419ba6b
"",4256236142,,,,,,,,,,,,,,,,58e427b06add4d1a2419ba6c
"",,,,23200,,,,,,,,,,,,,58e427b06add4d1a2419ba6d
"",,,,,,,11188705060,,,,,,,,,,58e427b06add4d1a2419ba6e
"",,,5117807000,,,,,,,,,,,,,,58e427b06add4d1a2419ba6f
"",,,,,,,,,,,,,480813245,,,,58e427b06add4d1a2419ba70
"",,,,,,8315827156,,,,,,,,,,,58e427b06add4d1a2419ba71
